0.01473,-0.2692,0,0,1
-0.03297,-0.2769,0,0.05263,1
-0.08066,-0.2846,0,0.1053,1
-0.1284,-0.2923,0,0.1579,1
-0.1761,-0.3,0,0.2105,1
-0.2244,-0.3016,0,0.2632,1
-0.2747,-0.2846,0,0.3158,1
-0.3251,-0.2675,0,0.3684,1
-0.3754,-0.2505,0,0.4211,1
-0.4257,-0.2335,0,0.4737,1
-0.4756,-0.202,0,0.5263,1
-0.5249,-0.1561,0,0.5789,1
-0.5742,-0.1101,0,0.6316,1
-0.6236,-0.06412,0,0.6842,1
-0.6729,-0.01816,0,0.7368,1
-0.721,0.06136,0,0.7895,1
-0.7687,0.1521,0,0.8421,1
-0.8164,0.2428,0,0.8947,1
-0.8641,0.3335,0,0.9474,1
-0.9118,0.4242,0,1,1
0.01473,-0.2692,0.01266,0,1
-0.03297,-0.2769,0.01266,0.05263,1
-0.08066,-0.2846,0.01266,0.1053,1
-0.1284,-0.2923,0.01266,0.1579,1
-0.1761,-0.3,0.01266,0.2105,1
-0.2283,-0.2921,0.01266,0.2632,1
-0.2787,-0.2751,0.01266,0.3158,1
-0.329,-0.2581,0.01266,0.3684,1
-0.3793,-0.241,0.01266,0.4211,1
-0.4297,-0.2212,0.01266,0.4737,1
-0.4795,-0.1834,0.01266,0.5263,1
-0.5288,-0.1374,0.01266,0.5789,1
-0.5782,-0.09148,0.01266,0.6316,1
-0.6275,-0.04552,0.01266,0.6842,1
-0.6743,0.00107,0.01266,0.7368,1
-0.7211,0.08092,0.01266,0.7895,1
-0.7688,0.1716,0.01266,0.8421,1
-0.8165,0.2623,0.01266,0.8947,1
-0.8641,0.353,0.01266,0.9474,1
-0.9058,0.4356,0.01266,1,1
0.01473,-0.2692,0.02532,0,1
-0.03297,-0.2769,0.02532,0.05263,1
-0.08066,-0.2846,0.02532,0.1053,1
-0.1284,-0.2923,0.02532,0.1579,1
-0.1798,-0.2909,0.02532,0.2105,1
-0.2323,-0.2826,0.02532,0.2632,1
-0.2826,-0.2656,0.02532,0.3158,1
-0.3329,-0.2486,0.02532,0.3684,1
-0.3833,-0.2315,0.02532,0.4211,1
-0.4336,-0.2026,0.02532,0.4737,1
-0.4834,-0.1648,0.02532,0.5263,1
-0.5328,-0.1188,0.02532,0.5789,1
-0.5821,-0.07287,0.02532,0.6316,1
-0.6304,-0.02665,0.02532,0.6842,1
-0.6743,0.02063,0.02532,0.7368,1
-0.7211,0.1005,0.02532,0.7895,1
-0.7688,0.1912,0.02532,0.8421,1
-0.8165,0.2819,0.02532,0.8947,1
-0.8605,0.3676,0.02532,0.9474,1
-0.8998,0.447,0.02532,1,1
0.01473,-0.2692,0.03797,0,1
-0.03297,-0.2769,0.03797,0.05263,1
-0.08066,-0.2846,0.03797,0.1053,1
-0.1306,-0.2869,0.03797,0.1579,1
-0.1838,-0.2814,0.03797,0.2105,1
-0.2362,-0.2731,0.03797,0.2632,1
-0.2865,-0.2561,0.03797,0.3158,1
-0.3369,-0.2391,0.03797,0.3684,1
-0.3872,-0.2137,0.03797,0.4211,1
-0.4375,-0.184,0.03797,0.4737,1
-0.4874,-0.1462,0.03797,0.5263,1
-0.5367,-0.1002,0.03797,0.5789,1
-0.586,-0.05426,0.03797,0.6316,1
-0.6304,-0.007097,0.03797,0.6842,1
-0.6743,0.04018,0.03797,0.7368,1
-0.7211,0.12,0.03797,0.7895,1
-0.7688,0.2107,0.03797,0.8421,1
-0.8151,0.2996,0.03797,0.8947,1
-0.8544,0.379,0.03797,0.9474,1
-0.8937,0.4583,0.03797,1,1
0.01473,-0.2692,0.05063,0,1
-0.03297,-0.2769,0.05063,0.05263,1
-0.0814,-0.2828,0.05063,0.1053,1
-0.1346,-0.2774,0.05063,0.1579,1
-0.1877,-0.2719,0.05063,0.2105,1
-0.2401,-0.2636,0.05063,0.2632,1
-0.2905,-0.2466,0.05063,0.3158,1
-0.3408,-0.2247,0.05063,0.3684,1
-0.3911,-0.195,0.05063,0.4211,1
-0.4415,-0.1654,0.05063,0.4737,1
-0.4913,-0.1276,0.05063,0.5263,1
-0.5406,-0.08162,0.05063,0.5789,1
-0.5865,-0.03482,0.05063,0.6316,1
-0.6304,0.01246,0.05063,0.6842,1
-0.6744,0.05974,0.05063,0.7368,1
-0.7211,0.1396,0.05063,0.7895,1
-0.7688,0.2303,0.05063,0.8421,1
-0.8091,0.311,0.05063,0.8947,1
-0.8484,0.3904,0.05063,0.9474,1
-0.8877,0.4697,0.05063,1,1
0.01473,-0.2692,0.06329,0,1
-0.03297,-0.2769,0.06329,0.05263,1
-0.08534,-0.2733,0.06329,0.1053,1
-0.1385,-0.2679,0.06329,0.1579,1
-0.1916,-0.2624,0.06329,0.2105,1
-0.2441,-0.2541,0.06329,0.2632,1
-0.2944,-0.2357,0.06329,0.3158,1
-0.3447,-0.2061,0.06329,0.3684,1
-0.3951,-0.1764,0.06329,0.4211,1
-0.4454,-0.1468,0.06329,0.4737,1
-0.4952,-0.109,0.06329,0.5263,1
-0.5426,-0.06254,0.06329,0.5789,1
-0.5865,-0.01526,0.06329,0.6316,1
-0.6305,0.03202,0.06329,0.6842,1
-0.6744,0.0793,0.06329,0.7368,1
-0.7211,0.1591,0.06329,0.7895,1
-0.7637,0.243,0.06329,0.8421,1
-0.803,0.3224,0.06329,0.8947,1
-0.8423,0.4017,0.06329,0.9474,1
-0.8817,0.4811,0.06329,1,1
0.01473,-0.2692,0.07595,0,1
-0.03612,-0.2693,0.07595,0.05263,1
-0.08927,-0.2638,0.07595,0.1053,1
-0.1424,-0.2584,0.07595,0.1579,1
-0.1956,-0.253,0.07595,0.2105,1
-0.248,-0.2446,0.07595,0.2632,1
-0.2983,-0.2171,0.07595,0.3158,1
-0.3487,-0.1875,0.07595,0.3684,1
-0.399,-0.1578,0.07595,0.4211,1
-0.4493,-0.1282,0.07595,0.4737,1
-0.4987,-0.09027,0.07595,0.5263,1
-0.5426,-0.04299,0.07595,0.5789,1
-0.5866,0.004294,0.07595,0.6316,1
-0.6305,0.05157,0.07595,0.6842,1
-0.6744,0.09885,0.07595,0.7368,1
-0.7184,0.175,0.07595,0.7895,1
-0.7577,0.2544,0.07595,0.8421,1
-0.797,0.3337,0.07595,0.8947,1
-0.8363,0.4131,0.07595,0.9474,1
-0.8756,0.4925,0.07595,1,1
0.01473,-0.2692,0.08861,0,1
-0.03842,-0.2637,0.08861,0.05263,1
-0.09156,-0.2583,0.08861,0.1053,1
-0.1447,-0.2529,0.08861,0.1579,1
-0.1979,-0.2474,0.08861,0.2105,1
-0.2496,-0.2325,0.08861,0.2632,1
-0.2999,-0.2029,0.08861,0.3158,1
-0.3503,-0.1732,0.08861,0.3684,1
-0.4006,-0.1436,0.08861,0.4211,1
-0.4509,-0.1139,0.08861,0.4737,1
-0.4964,-0.07395,0.08861,0.5263,1
-0.5403,-0.02667,0.08861,0.5789,1
-0.5843,0.02061,0.08861,0.6316,1
-0.6282,0.06789,0.08861,0.6842,1
-0.6718,0.1153,0.08861,0.7368,1
-0.7107,0.1871,0.08861,0.7895,1
-0.75,0.2665,0.08861,0.8421,1
-0.7893,0.3459,0.08861,0.8947,1
-0.8286,0.4252,0.08861,0.9474,1
-0.8672,0.5019,0.08861,1,1
0.01473,-0.2692,0.1013,0,1
-0.03842,-0.2637,0.1013,0.05263,1
-0.09156,-0.2583,0.1013,0.1053,1
-0.1447,-0.2529,0.1013,0.1579,1
-0.1972,-0.2443,0.1013,0.2105,1
-0.248,-0.2244,0.1013,0.2632,1
-0.2983,-0.1947,0.1013,0.3158,1
-0.3486,-0.1651,0.1013,0.3684,1
-0.399,-0.1354,0.1013,0.4211,1
-0.4465,-0.1031,0.1013,0.4737,1
-0.4909,-0.06218,0.1013,0.5263,1
-0.5348,-0.0149,0.1013,0.5789,1
-0.5787,0.03238,0.1013,0.6316,1
-0.6226,0.07966,0.1013,0.6842,1
-0.6618,0.1284,0.1013,0.7368,1
-0.7008,0.2002,0.1013,0.7895,1
-0.7401,0.2796,0.1013,0.8421,1
-0.7794,0.359,0.1013,0.8947,1
-0.8186,0.4381,0.1013,0.9474,1
-0.8554,0.5084,0.1013,1,1
0.01473,-0.2692,0.1139,0,1
-0.03842,-0.2637,0.1139,0.05263,1
-0.09156,-0.2583,0.1139,0.1053,1
-0.1447,-0.2529,0.1139,0.1579,1
-0.1956,-0.2362,0.1139,0.2105,1
-0.2463,-0.2162,0.1139,0.2632,1
-0.2967,-0.1865,0.1139,0.3158,1
-0.347,-0.1569,0.1139,0.3684,1
-0.396,-0.126,0.1139,0.4211,1
-0.4409,-0.09138,0.1139,0.4737,1
-0.4853,-0.05041,0.1139,0.5263,1
-0.5292,-0.00313,0.1139,0.5789,1
-0.5731,0.04415,0.1139,0.6316,1
-0.614,0.09234,0.1139,0.6842,1
-0.6519,0.1415,0.1139,0.7368,1
-0.6908,0.2133,0.1139,0.7895,1
-0.7301,0.2927,0.1139,0.8421,1
-0.7694,0.3721,0.1139,0.8947,1
-0.8069,0.4447,0.1139,0.9474,1
-0.8437,0.515,0.1139,1,1
0.01473,-0.2692,0.1266,0,1
-0.03842,-0.2637,0.1266,0.05263,1
-0.09156,-0.2583,0.1266,0.1053,1
-0.1431,-0.2448,0.1266,0.1579,1
-0.194,-0.228,0.1266,0.2105,1
-0.2447,-0.208,0.1266,0.2632,1
-0.295,-0.1784,0.1266,0.3158,1
-0.3453,-0.1487,0.1266,0.3684,1
-0.3904,-0.1143,0.1266,0.4211,1
-0.4353,-0.0796,0.1266,0.4737,1
-0.4797,-0.03864,0.1266,0.5263,1
-0.5237,0.008643,0.1266,0.5789,1
-0.5663,0.05632,0.1266,0.6316,1
-0.6041,0.1054,0.1266,0.6842,1
-0.6419,0.1546,0.1266,0.7368,1
-0.6809,0.2264,0.1266,0.7895,1
-0.7202,0.3058,0.1266,0.8421,1
-0.7583,0.3809,0.1266,0.8947,1
-0.7951,0.4512,0.1266,0.9474,1
-0.8319,0.5215,0.1266,1,1
0.01473,-0.2692,0.1392,0,1
-0.03842,-0.2637,0.1392,0.05263,1
-0.09057,-0.2533,0.1392,0.1053,1
-0.1414,-0.2366,0.1392,0.1579,1
-0.1923,-0.2198,0.1392,0.2105,1
-0.243,-0.1999,0.1392,0.2632,1
-0.2934,-0.1702,0.1392,0.3158,1
-0.34,-0.1371,0.1392,0.3684,1
-0.3849,-0.1025,0.1392,0.4211,1
-0.4298,-0.06783,0.1392,0.4737,1
-0.4742,-0.02687,0.1392,0.5263,1
-0.5181,0.02041,0.1392,0.5789,1
-0.5563,0.06942,0.1392,0.6316,1
-0.5941,0.1185,0.1392,0.6842,1
-0.632,0.1677,0.1392,0.7368,1
-0.6709,0.2395,0.1392,0.7895,1
-0.7098,0.3172,0.1392,0.8421,1
-0.7466,0.3875,0.1392,0.8947,1
-0.7834,0.4577,0.1392,0.9474,1
-0.8202,0.528,0.1392,1,1
0.01473,-0.2692,0.1519,0,1
-0.03806,-0.2619,0.1519,0.05263,1
-0.08893,-0.2452,0.1519,0.1053,1
-0.1398,-0.2284,0.1519,0.1579,1
-0.1907,-0.2117,0.1519,0.2105,1
-0.2414,-0.1917,0.1519,0.2632,1
-0.2895,-0.16,0.1519,0.3158,1
-0.3344,-0.1254,0.1519,0.3684,1
-0.3793,-0.09071,0.1519,0.4211,1
-0.4242,-0.05606,0.1519,0.4737,1
-0.4686,-0.01509,0.1519,0.5263,1
-0.5085,0.0334,0.1519,0.5789,1
-0.5464,0.08252,0.1519,0.6316,1
-0.5842,0.1316,0.1519,0.6842,1
-0.622,0.1808,0.1519,0.7368,1
-0.661,0.2526,0.1519,0.7895,1
-0.698,0.3237,0.1519,0.8421,1
-0.7348,0.394,0.1519,0.8947,1
-0.7716,0.4643,0.1519,0.9474,1
-0.8084,0.5345,0.1519,1,1
0.01473,-0.2692,0.1646,0,1
-0.03641,-0.2538,0.1646,0.05263,1
-0.08728,-0.237,0.1646,0.1053,1
-0.1382,-0.2203,0.1646,0.1579,1
-0.189,-0.2035,0.1646,0.2105,1
-0.239,-0.1829,0.1646,0.2632,1
-0.284,-0.1482,0.1646,0.3158,1
-0.3289,-0.1136,0.1646,0.3684,1
-0.3738,-0.07894,0.1646,0.4211,1
-0.4187,-0.04429,0.1646,0.4737,1
-0.4608,-0.002622,0.1646,0.5263,1
-0.4986,0.0465,0.1646,0.5789,1
-0.5364,0.09562,0.1646,0.6316,1
-0.5742,0.1447,0.1646,0.6842,1
-0.6121,0.1939,0.1646,0.7368,1
-0.6494,0.26,0.1646,0.7895,1
-0.6862,0.3302,0.1646,0.8421,1
-0.7231,0.4005,0.1646,0.8947,1
-0.7599,0.4708,0.1646,0.9474,1
-0.7967,0.5411,0.1646,1,1
0.01473,-0.2692,0.1772,0,1
-0.03614,-0.2524,0.1772,0.05263,1
-0.08701,-0.2357,0.1772,0.1053,1
-0.1379,-0.2189,0.1772,0.1579,1
-0.1887,-0.2021,0.1772,0.2105,1
-0.2341,-0.1752,0.1772,0.2632,1
-0.279,-0.1406,0.1772,0.3158,1
-0.3239,-0.1059,0.1772,0.3684,1
-0.3688,-0.07128,0.1772,0.4211,1
-0.4128,-0.03626,0.1772,0.4737,1
-0.4497,0.007473,0.1772,0.5263,1
-0.4875,0.0566,0.1772,0.5789,1
-0.5254,0.1057,0.1772,0.6316,1
-0.5632,0.1548,0.1772,0.6842,1
-0.5981,0.203,0.1772,0.7368,1
-0.6331,0.2674,0.1772,0.7895,1
-0.67,0.3377,0.1772,0.8421,1
-0.7068,0.4079,0.1772,0.8947,1
-0.7436,0.4782,0.1772,0.9474,1
-0.777,0.5459,0.1772,1,1
0.01473,-0.2692,0.1899,0,1
-0.03614,-0.2524,0.1899,0.05263,1
-0.08701,-0.2357,0.1899,0.1053,1
-0.1379,-0.2189,0.1899,0.1579,1
-0.1849,-0.1967,0.1899,0.2105,1
-0.2292,-0.1684,0.1899,0.2632,1
-0.2741,-0.1337,0.1899,0.3158,1
-0.319,-0.09909,0.1899,0.3684,1
-0.3639,-0.06444,0.1899,0.4211,1
-0.4015,-0.02676,0.1899,0.4737,1
-0.4385,0.01697,0.1899,0.5263,1
-0.4763,0.06609,0.1899,0.5789,1
-0.5141,0.1152,0.1899,0.6316,1
-0.5513,0.1641,0.1899,0.6842,1
-0.5809,0.2106,0.1899,0.7368,1
-0.616,0.275,0.1899,0.7895,1
-0.6528,0.3452,0.1899,0.8421,1
-0.6896,0.4155,0.1899,0.8947,1
-0.7246,0.4844,0.1899,0.9474,1
-0.7558,0.5504,0.1899,1,1
0.01473,-0.2692,0.2025,0,1
-0.03614,-0.2524,0.2025,0.05263,1
-0.08701,-0.2357,0.2025,0.1053,1
-0.1359,-0.2161,0.2025,0.1579,1
-0.18,-0.1899,0.2025,0.2105,1
-0.2244,-0.1616,0.2025,0.2632,1
-0.2693,-0.1269,0.2025,0.3158,1
-0.3142,-0.09226,0.2025,0.3684,1
-0.3543,-0.0556,0.2025,0.4211,1
-0.3903,-0.01727,0.2025,0.4737,1
-0.4272,0.02646,0.2025,0.5263,1
-0.465,0.07558,0.2025,0.5789,1
-0.5029,0.1247,0.2025,0.6316,1
-0.5342,0.1717,0.2025,0.6842,1
-0.5638,0.2182,0.2025,0.7368,1
-0.5988,0.2826,0.2025,0.7895,1
-0.6356,0.3528,0.2025,0.8421,1
-0.6721,0.4229,0.2025,0.8947,1
-0.7034,0.4889,0.2025,0.9474,1
-0.7346,0.5549,0.2025,1,1
0.01473,-0.2692,0.2152,0,1
-0.03614,-0.2524,0.2152,0.05263,1
-0.0869,-0.2355,0.2152,0.1053,1
-0.131,-0.2093,0.2152,0.1579,1
-0.1752,-0.1831,0.2152,0.2105,1
-0.2195,-0.1547,0.2152,0.2632,1
-0.2644,-0.1201,0.2152,0.3158,1
-0.307,-0.08444,0.2152,0.3684,1
-0.343,-0.04611,0.2152,0.4211,1
-0.379,-0.007774,0.2152,0.4737,1
-0.4159,0.03595,0.2152,0.5263,1
-0.4538,0.08508,0.2152,0.5789,1
-0.4874,0.1328,0.2152,0.6316,1
-0.517,0.1793,0.2152,0.6842,1
-0.5466,0.2258,0.2152,0.7368,1
-0.5816,0.2902,0.2152,0.7895,1
-0.6184,0.3604,0.2152,0.8421,1
-0.6509,0.4274,0.2152,0.8947,1
-0.6822,0.4934,0.2152,0.9474,1
-0.7134,0.5593,0.2152,1,1
0.01473,-0.2692,0.2278,0,1
-0.03614,-0.2524,0.2278,0.05263,1
-0.08205,-0.2287,0.2278,0.1053,1
-0.1262,-0.2024,0.2278,0.1579,1
-0.1704,-0.1762,0.2278,0.2105,1
-0.2147,-0.1479,0.2278,0.2632,1
-0.2596,-0.1132,0.2278,0.3158,1
-0.2957,-0.07495,0.2278,0.3684,1
-0.3317,-0.03661,0.2278,0.4211,1
-0.3678,0.001719,0.2278,0.4737,1
-0.4047,0.04545,0.2278,0.5263,1
-0.4406,0.09395,0.2278,0.5789,1
-0.4702,0.1404,0.2278,0.6316,1
-0.4998,0.1869,0.2278,0.6842,1
-0.5294,0.2334,0.2278,0.7368,1
-0.5644,0.2978,0.2278,0.7895,1
-0.5985,0.3659,0.2278,0.8421,1
-0.6297,0.4319,0.2278,0.8947,1
-0.661,0.4979,0.2278,0.9474,1
-0.6922,0.5638,0.2278,1,1
0.01473,-0.2692,0.2405,0,1
-0.03305,-0.2481,0.2405,0.05263,1
-0.0772,-0.2218,0.2405,0.1053,1
-0.1214,-0.1956,0.2405,0.1579,1
-0.1655,-0.1694,0.2405,0.2105,1
-0.2098,-0.141,0.2405,0.2632,1
-0.2484,-0.1038,0.2405,0.3158,1
-0.2845,-0.06545,0.2405,0.3684,1
-0.3205,-0.02712,0.2405,0.4211,1
-0.3565,0.01121,0.2405,0.4737,1
-0.3934,0.05494,0.2405,0.5263,1
-0.4234,0.1015,0.2405,0.5789,1
-0.453,0.148,0.2405,0.6316,1
-0.4826,0.1945,0.2405,0.6842,1
-0.5122,0.241,0.2405,0.7368,1
-0.546,0.3044,0.2405,0.7895,1
-0.5773,0.3704,0.2405,0.8421,1
-0.6085,0.4364,0.2405,0.8947,1
-0.6398,0.5023,0.2405,0.9474,1
-0.671,0.5683,0.2405,1,1
0.01473,-0.2692,0.2532,0,1
-0.02942,-0.2429,0.2532,0.05263,1
-0.07357,-0.2167,0.2532,0.1053,1
-0.1177,-0.1905,0.2532,0.1579,1
-0.1619,-0.1643,0.2532,0.2105,1
-0.2018,-0.1337,0.2532,0.2632,1
-0.2378,-0.09534,0.2532,0.3158,1
-0.2738,-0.057,0.2532,0.3684,1
-0.3099,-0.01867,0.2532,0.4211,1
-0.3459,0.01966,0.2532,0.4737,1
-0.3769,0.06217,0.2532,0.5263,1
-0.4065,0.1087,0.2532,0.5789,1
-0.4361,0.1552,0.2532,0.6316,1
-0.4657,0.2016,0.2532,0.6842,1
-0.4954,0.2481,0.2532,0.7368,1
-0.5244,0.3092,0.2532,0.7895,1
-0.5557,0.3752,0.2532,0.8421,1
-0.5869,0.4412,0.2532,0.8947,1
-0.6182,0.5071,0.2532,0.9474,1
-0.6483,0.5724,0.2532,1,1
0.01473,-0.2692,0.2658,0,1
-0.02942,-0.2429,0.2658,0.05263,1
-0.07357,-0.2167,0.2658,0.1053,1
-0.1177,-0.1905,0.2658,0.1579,1
-0.16,-0.1631,0.2658,0.2105,1
-0.193,-0.1284,0.2658,0.2632,1
-0.229,-0.09002,0.2658,0.3158,1
-0.2651,-0.05169,0.2658,0.3684,1
-0.3011,-0.01335,0.2658,0.4211,1
-0.3332,0.02519,0.2658,0.4737,1
-0.3612,0.06787,0.2658,0.5263,1
-0.3908,0.1144,0.2658,0.5789,1
-0.4204,0.1608,0.2658,0.6316,1
-0.45,0.2073,0.2658,0.6842,1
-0.4732,0.2538,0.2658,0.7368,1
-0.5015,0.3149,0.2658,0.7895,1
-0.5328,0.3809,0.2658,0.8421,1
-0.564,0.4469,0.2658,0.8947,1
-0.5953,0.5128,0.2658,0.9474,1
-0.6209,0.5752,0.2658,1,1
0.01473,-0.2692,0.2785,0,1
-0.02942,-0.2429,0.2785,0.05263,1
-0.07357,-0.2167,0.2785,0.1053,1
-0.1177,-0.1905,0.2785,0.1579,1
-0.1513,-0.1578,0.2785,0.2105,1
-0.1843,-0.123,0.2785,0.2632,1
-0.2203,-0.0847,0.2785,0.3158,1
-0.2563,-0.04637,0.2785,0.3684,1
-0.2911,-0.007973,0.2785,0.4211,1
-0.3174,0.03089,0.2785,0.4737,1
-0.3454,0.07356,0.2785,0.5263,1
-0.375,0.1201,0.2785,0.5789,1
-0.4046,0.1665,0.2785,0.6316,1
-0.4305,0.213,0.2785,0.6842,1
-0.4503,0.2595,0.2785,0.7368,1
-0.4786,0.3206,0.2785,0.7895,1
-0.5099,0.3866,0.2785,0.8421,1
-0.5411,0.4526,0.2785,0.8947,1
-0.5685,0.516,0.2785,0.9474,1
-0.5935,0.578,0.2785,1,1
0.01473,-0.2692,0.2911,0,1
-0.02942,-0.2429,0.2911,0.05263,1
-0.07357,-0.2167,0.2911,0.1053,1
-0.1105,-0.1861,0.2911,0.1579,1
-0.1425,-0.1525,0.2911,0.2105,1
-0.1755,-0.1177,0.2911,0.2632,1
-0.2115,-0.07939,0.2911,0.3158,1
-0.2475,-0.04105,0.2911,0.3684,1
-0.2754,-0.002277,0.2911,0.4211,1
-0.3017,0.03658,0.2911,0.4737,1
-0.3296,0.07926,0.2911,0.5263,1
-0.3592,0.1257,0.2911,0.5789,1
-0.3879,0.1722,0.2911,0.6316,1
-0.4076,0.2187,0.2911,0.6842,1
-0.4274,0.2652,0.2911,0.7368,1
-0.4558,0.3263,0.2911,0.7895,1
-0.487,0.3923,0.2911,0.8421,1
-0.5161,0.4569,0.2911,0.8947,1
-0.5411,0.5188,0.2911,0.9474,1
-0.5661,0.5808,0.2911,1,1
0.01473,-0.2692,0.3038,0,1
-0.02942,-0.2429,0.3038,0.05263,1
-0.06972,-0.2144,0.3038,0.1053,1
-0.1017,-0.1808,0.3038,0.1579,1
-0.1337,-0.1472,0.3038,0.2105,1
-0.1667,-0.1124,0.3038,0.2632,1
-0.2028,-0.07407,0.3038,0.3158,1
-0.2333,-0.03544,0.3038,0.3684,1
-0.2596,0.003419,0.3038,0.4211,1
-0.2859,0.04228,0.3038,0.4737,1
-0.3139,0.08495,0.3038,0.5263,1
-0.3435,0.1314,0.3038,0.5789,1
-0.365,0.1779,0.3038,0.6316,1
-0.3848,0.2244,0.3038,0.6842,1
-0.4045,0.2709,0.3038,0.7368,1
-0.4329,0.332,0.3038,0.7895,1
-0.4637,0.3977,0.3038,0.8421,1
-0.4887,0.4597,0.3038,0.8947,1
-0.5137,0.5216,0.3038,0.9474,1
-0.5387,0.5836,0.3038,1,1
0.01473,-0.2692,0.3165,0,1
-0.02896,-0.2427,0.3165,0.05263,1
-0.06096,-0.2091,0.3165,0.1053,1
-0.09296,-0.1755,0.3165,0.1579,1
-0.125,-0.1419,0.3165,0.2105,1
-0.158,-0.1071,0.3165,0.2632,1
-0.1912,-0.0686,0.3165,0.3158,1
-0.2175,-0.02974,0.3165,0.3684,1
-0.2438,0.009116,0.3165,0.4211,1
-0.2701,0.04798,0.3165,0.4737,1
-0.2981,0.09065,0.3165,0.5263,1
-0.3224,0.1371,0.3165,0.5789,1
-0.3421,0.1836,0.3165,0.6316,1
-0.3619,0.2301,0.3165,0.6842,1
-0.3816,0.2766,0.3165,0.7368,1
-0.41,0.3377,0.3165,0.7895,1
-0.4363,0.4005,0.3165,0.8421,1
-0.4613,0.4625,0.3165,0.8947,1
-0.4863,0.5245,0.3165,0.9474,1
-0.5113,0.5864,0.3165,1,1
0.01473,-0.2692,0.3291,0,1
-0.02019,-0.2373,0.3291,0.05263,1
-0.05219,-0.2037,0.3291,0.1053,1
-0.0842,-0.1701,0.3291,0.1579,1
-0.1162,-0.1366,0.3291,0.2105,1
-0.1491,-0.1018,0.3291,0.2632,1
-0.1754,-0.06291,0.3291,0.3158,1
-0.2017,-0.02405,0.3291,0.3684,1
-0.2281,0.01481,0.3291,0.4211,1
-0.2544,0.05367,0.3291,0.4737,1
-0.2798,0.09635,0.3291,0.5263,1
-0.2995,0.1428,0.3291,0.5789,1
-0.3192,0.1893,0.3291,0.6316,1
-0.339,0.2358,0.3291,0.6842,1
-0.3587,0.2823,0.3291,0.7368,1
-0.3839,0.3414,0.3291,0.7895,1
-0.4089,0.4033,0.3291,0.8421,1
-0.4339,0.4653,0.3291,0.8947,1
-0.4589,0.5273,0.3291,0.9474,1
-0.4839,0.5892,0.3291,1,1
0.01473,-0.2692,0.3418,0,1
-0.01727,-0.2356,0.3418,0.05263,1
-0.04927,-0.202,0.3418,0.1053,1
-0.08127,-0.1684,0.3418,0.1579,1
-0.1133,-0.1348,0.3418,0.2105,1
-0.1365,-0.09772,0.3418,0.2632,1
-0.1628,-0.05886,0.3418,0.3158,1
-0.1891,-0.02,0.3418,0.3684,1
-0.2155,0.01886,0.3418,0.4211,1
-0.2418,0.05772,0.3418,0.4737,1
-0.2585,0.102,0.3418,0.5263,1
-0.2782,0.1485,0.3418,0.5789,1
-0.2979,0.195,0.3418,0.6316,1
-0.3177,0.2415,0.3418,0.6842,1
-0.3355,0.2871,0.3418,0.7368,1
-0.3571,0.3442,0.3418,0.7895,1
-0.3821,0.4062,0.3418,0.8421,1
-0.4071,0.4681,0.3418,0.8947,1
-0.4321,0.5301,0.3418,0.9474,1
-0.4514,0.5929,0.3418,1,1
0.01473,-0.2692,0.3544,0,1
-0.01727,-0.2356,0.3544,0.05263,1
-0.04927,-0.202,0.3544,0.1053,1
-0.08127,-0.1684,0.3544,0.1579,1
-0.1064,-0.1328,0.3544,0.2105,1
-0.1255,-0.09449,0.3544,0.2632,1
-0.1518,-0.05563,0.3544,0.3158,1
-0.1781,-0.01677,0.3544,0.3684,1
-0.2044,0.02209,0.3544,0.4211,1
-0.2215,0.06335,0.3544,0.4737,1
-0.238,0.1077,0.3544,0.5263,1
-0.2577,0.1542,0.3544,0.5789,1
-0.2774,0.2007,0.3544,0.6316,1
-0.2972,0.2472,0.3544,0.6842,1
-0.3089,0.2899,0.3544,0.7368,1
-0.3305,0.3471,0.3544,0.7895,1
-0.3555,0.409,0.3544,0.8421,1
-0.3805,0.471,0.3544,0.8947,1
-0.4031,0.5333,0.3544,0.9474,1
-0.4165,0.5969,0.3544,1,1
0.01473,-0.2692,0.3671,0,1
-0.01727,-0.2356,0.3671,0.05263,1
-0.04927,-0.202,0.3671,0.1053,1
-0.07862,-0.1676,0.3671,0.1579,1
-0.09534,-0.1295,0.3671,0.2105,1
-0.1145,-0.09126,0.3671,0.2632,1
-0.1408,-0.0524,0.3671,0.3158,1
-0.1671,-0.01354,0.3671,0.3684,1
-0.1878,0.02677,0.3671,0.4211,1
-0.201,0.06905,0.3671,0.4737,1
-0.2174,0.1134,0.3671,0.5263,1
-0.2372,0.1599,0.3671,0.5789,1
-0.2569,0.2064,0.3671,0.6316,1
-0.271,0.2502,0.3671,0.6842,1
-0.2823,0.2928,0.3671,0.7368,1
-0.3039,0.3499,0.3671,0.7895,1
-0.3289,0.4119,0.3671,0.8421,1
-0.3539,0.4738,0.3671,0.8947,1
-0.3681,0.5373,0.3671,0.9474,1
-0.3815,0.6009,0.3671,1,1
0.01473,-0.2692,0.3797,0,1
-0.01727,-0.2356,0.3797,0.05263,1
-0.04927,-0.202,0.3797,0.1053,1
-0.0676,-0.1644,0.3797,0.1579,1
-0.08433,-0.1263,0.3797,0.2105,1
-0.1035,-0.08803,0.3797,0.2632,1
-0.1298,-0.04917,0.3797,0.3158,1
-0.1542,-0.009816,0.3797,0.3684,1
-0.1673,0.03247,0.3797,0.4211,1
-0.1805,0.07475,0.3797,0.4737,1
-0.1969,0.1191,0.3797,0.5263,1
-0.2167,0.1656,0.3797,0.5789,1
-0.2331,0.2106,0.3797,0.6316,1
-0.2444,0.2531,0.3797,0.6842,1
-0.2558,0.2956,0.3797,0.7368,1
-0.2774,0.3528,0.3797,0.7895,1
-0.3024,0.4147,0.3797,0.8421,1
-0.3198,0.4777,0.3797,0.8947,1
-0.3332,0.5413,0.3797,0.9474,1
-0.3465,0.6049,0.3797,1,1
0.01473,-0.2692,0.3924,0,1
-0.01727,-0.2356,0.3924,0.05263,1
-0.03985,-0.1992,0.3924,0.1053,1
-0.05658,-0.1611,0.3924,0.1579,1
-0.07331,-0.1231,0.3924,0.2105,1
-0.09243,-0.08481,0.3924,0.2632,1
-0.1187,-0.04595,0.3924,0.3158,1
-0.1337,-0.004119,0.3924,0.3684,1
-0.1468,0.03816,0.3924,0.4211,1
-0.16,0.08044,0.3924,0.4737,1
-0.1764,0.1248,0.3924,0.5263,1
-0.1952,0.1709,0.3924,0.5789,1
-0.2065,0.2134,0.3924,0.6316,1
-0.2179,0.2559,0.3924,0.6842,1
-0.2292,0.2985,0.3924,0.7368,1
-0.2508,0.3556,0.3924,0.7895,1
-0.2715,0.4182,0.3924,0.8421,1
-0.2848,0.4818,0.3924,0.8947,1
-0.2982,0.5454,0.3924,0.9474,1
-0.3115,0.609,0.3924,1,1
0.01473,-0.2692,0.4051,0,1
-0.0121,-0.2341,0.4051,0.05263,1
-0.02883,-0.196,0.4051,0.1053,1
-0.04556,-0.1579,0.4051,0.1579,1
-0.06229,-0.1198,0.4051,0.2105,1
-0.08141,-0.08158,0.4051,0.2632,1
-0.09998,-0.0407,0.4051,0.3158,1
-0.1131,0.001577,0.4051,0.3684,1
-0.1263,0.04386,0.4051,0.4211,1
-0.1395,0.08614,0.4051,0.4737,1
-0.1559,0.1305,0.4051,0.5263,1
-0.1686,0.1737,0.4051,0.5789,1
-0.18,0.2162,0.4051,0.6316,1
-0.1913,0.2588,0.4051,0.6842,1
-0.2027,0.3013,0.4051,0.7368,1
-0.2232,0.3586,0.4051,0.7895,1
-0.2365,0.4222,0.4051,0.8421,1
-0.2498,0.4858,0.4051,0.8947,1
-0.2632,0.5494,0.4051,0.9474,1
-0.2765,0.613,0.4051,1,1
0.01473,-0.2692,0.4177,0,1
-0.001997,-0.2311,0.4177,0.05263,1
-0.01873,-0.193,0.4177,0.1053,1
-0.03546,-0.155,0.4177,0.1579,1
-0.05219,-0.1169,0.4177,0.2105,1
-0.067,-0.0777,0.4177,0.2632,1
-0.08016,-0.03542,0.4177,0.3158,1
-0.09332,0.006862,0.4177,0.3684,1
-0.1065,0.04914,0.4177,0.4211,1
-0.1196,0.09142,0.4177,0.4737,1
-0.1311,0.1338,0.4177,0.5263,1
-0.1424,0.1763,0.4177,0.5789,1
-0.1538,0.2189,0.4177,0.6316,1
-0.1651,0.2614,0.4177,0.6842,1
-0.1765,0.304,0.4177,0.7368,1
-0.1886,0.3623,0.4177,0.7895,1
-0.2019,0.4259,0.4177,0.8421,1
-0.2152,0.4895,0.4177,0.8947,1
-0.2285,0.5531,0.4177,0.9474,1
-0.2411,0.6169,0.4177,1,1
0.01473,-0.2692,0.4304,0,1
-0.001997,-0.2311,0.4304,0.05263,1
-0.01873,-0.193,0.4304,0.1053,1
-0.03546,-0.155,0.4304,0.1579,1
-0.05165,-0.1169,0.4304,0.2105,1
-0.0548,-0.07694,0.4304,0.2632,1
-0.06796,-0.03466,0.4304,0.3158,1
-0.08111,0.007621,0.4304,0.3684,1
-0.09427,0.0499,0.4304,0.4211,1
-0.1037,0.09203,0.4304,0.4737,1
-0.1093,0.1342,0.4304,0.5263,1
-0.1206,0.1767,0.4304,0.5789,1
-0.132,0.2193,0.4304,0.6316,1
-0.1433,0.2618,0.4304,0.6842,1
-0.1482,0.3044,0.4304,0.7368,1
-0.158,0.3627,0.4304,0.7895,1
-0.1713,0.4263,0.4304,0.8421,1
-0.1846,0.4899,0.4304,0.8947,1
-0.1979,0.5535,0.4304,0.9474,1
-0.2007,0.6192,0.4304,1,1
0.01473,-0.2692,0.443,0,1
-0.001997,-0.2311,0.443,0.05263,1
-0.01873,-0.193,0.443,0.1053,1
-0.03546,-0.155,0.443,0.1579,1
-0.03944,-0.1161,0.443,0.2105,1
-0.04259,-0.07618,0.443,0.2632,1
-0.05575,-0.0339,0.443,0.3158,1
-0.06891,0.008381,0.443,0.3684,1
-0.08202,0.05066,0.443,0.4211,1
-0.08186,0.09241,0.443,0.4737,1
-0.08745,0.1346,0.443,0.5263,1
-0.0988,0.1771,0.443,0.5789,1
-0.1101,0.2197,0.443,0.6316,1
-0.1184,0.2622,0.443,0.6842,1
-0.1176,0.3047,0.443,0.7368,1
-0.1274,0.3631,0.443,0.7895,1
-0.1407,0.4267,0.443,0.8421,1
-0.154,0.4903,0.443,0.8947,1
-0.1606,0.5552,0.443,0.9474,1
-0.1604,0.6215,0.443,1,1
0.01473,-0.2692,0.4557,0,1
-0.001997,-0.2311,0.4557,0.05263,1
-0.01873,-0.193,0.4557,0.1053,1
-0.02743,-0.1545,0.4557,0.1579,1
-0.02724,-0.1153,0.4557,0.2105,1
-0.03039,-0.07542,0.4557,0.2632,1
-0.04354,-0.03314,0.4557,0.3158,1
-0.0567,0.00914,0.4557,0.3684,1
-0.06021,0.05104,0.4557,0.4211,1
-0.06004,0.09279,0.4557,0.4737,1
-0.06563,0.1349,0.4557,0.5263,1
-0.07698,0.1775,0.4557,0.5789,1
-0.08833,0.22,0.4557,0.6316,1
-0.08782,0.2626,0.4557,0.6842,1
-0.08699,0.3051,0.4557,0.7368,1
-0.09678,0.3635,0.4557,0.7895,1
-0.1101,0.427,0.4557,0.8421,1
-0.1204,0.4912,0.4557,0.8947,1
-0.1202,0.5575,0.4557,0.9474,1
-0.1201,0.6238,0.4557,1,1
0.01473,-0.2692,0.4684,0,1
-0.001997,-0.2311,0.4684,0.05263,1
-0.01541,-0.1928,0.4684,0.1053,1
-0.01522,-0.1537,0.4684,0.1579,1
-0.01503,-0.1146,0.4684,0.2105,1
-0.01818,-0.07466,0.4684,0.2632,1
-0.03134,-0.03238,0.4684,0.3158,1
-0.03855,0.009665,0.4684,0.3684,1
-0.03839,0.05142,0.4684,0.4211,1
-0.03822,0.09317,0.4684,0.4737,1
-0.04381,0.1353,0.4684,0.5263,1
-0.05516,0.1779,0.4684,0.5789,1
-0.05804,0.2204,0.4684,0.6316,1
-0.05722,0.263,0.4684,0.6842,1
-0.05639,0.3055,0.4684,0.7368,1
-0.06618,0.3638,0.4684,0.7895,1
-0.0795,0.4274,0.4684,0.8421,1
-0.08006,0.4936,0.4684,0.8947,1
-0.0799,0.5598,0.4684,0.9474,1
-0.07973,0.6261,0.4684,1,1
0.01473,-0.2692,0.481,0,1
-0.001997,-0.2311,0.481,0.05263,1
-0.003201,-0.1921,0.481,0.1053,1
-0.003013,-0.1529,0.481,0.1579,1
-0.002825,-0.1138,0.481,0.2105,1
-0.005974,-0.0739,0.481,0.2632,1
-0.0169,-0.03171,0.481,0.3158,1
-0.01673,0.01004,0.481,0.3684,1
-0.01657,0.0518,0.481,0.4211,1
-0.0164,0.09355,0.481,0.4737,1
-0.022,0.1357,0.481,0.5263,1
-0.02826,0.1782,0.481,0.5789,1
-0.02744,0.2208,0.481,0.6316,1
-0.02662,0.2633,0.481,0.6842,1
-0.02579,0.3059,0.481,0.7368,1
-0.03558,0.3642,0.481,0.7895,1
-0.0399,0.4296,0.481,0.8421,1
-0.03973,0.4959,0.481,0.8947,1
-0.03957,0.5622,0.481,0.9474,1
-0.0394,0.6284,0.481,1,1
0.01473,-0.2692,0.4937,0,1
0.008817,-0.2304,0.4937,0.05263,1
0.009005,-0.1913,0.4937,0.1053,1
0.009193,-0.1522,0.4937,0.1579,1
0.009381,-0.1131,0.4937,0.2105,1
0.006232,-0.07314,0.4937,0.2632,1
0.004921,-0.03133,0.4937,0.3158,1
0.005086,0.01042,0.4937,0.3684,1
0.00525,0.05218,0.4937,0.4211,1
0.005415,0.09393,0.4937,0.4737,1
0.001517,0.1361,0.4937,0.5263,1
0.00234,0.1786,0.4937,0.5789,1
0.003162,0.2212,0.4937,0.6316,1
0.003984,0.2637,0.4937,0.6842,1
0.004807,0.3063,0.4937,0.7368,1
0.0002703,0.3656,0.4937,0.7895,1
0.0004348,0.4319,0.4937,0.8421,1
0.0005992,0.4982,0.4937,0.8947,1
0.0007637,0.5645,0.4937,0.9474,1
0.0009282,0.6308,0.4937,1,1
0.01473,-0.2692,0.5063,0,1
0.01492,-0.23,0.5063,0.05263,1
0.01511,-0.1909,0.5063,0.1053,1
0.0153,-0.1518,0.5063,0.1579,1
0.01548,-0.1127,0.5063,0.2105,1
0.02254,-0.07289,0.5063,0.2632,1
0.02271,-0.03114,0.5063,0.3158,1
0.02287,0.01061,0.5063,0.3684,1
0.02303,0.05237,0.5063,0.4211,1
0.0232,0.09412,0.5063,0.4737,1
0.0282,0.1362,0.5063,0.5263,1
0.02902,0.1787,0.5063,0.5789,1
0.02985,0.2213,0.5063,0.6316,1
0.03067,0.2638,0.5063,0.6842,1
0.03262,0.3065,0.5063,0.7368,1
0.0355,0.3671,0.5063,0.7895,1
0.03566,0.4334,0.5063,0.8421,1
0.03583,0.4996,0.5063,0.8947,1
0.03599,0.5659,0.5063,0.9474,1
0.04043,0.6328,0.5063,1,1
0.01473,-0.2692,0.519,0,1
0.01492,-0.23,0.519,0.05263,1
0.01511,-0.1909,0.519,0.1053,1
0.0153,-0.1518,0.519,0.1579,1
0.02182,-0.1127,0.519,0.2105,1
0.03629,-0.07289,0.519,0.2632,1
0.03645,-0.03114,0.519,0.3158,1
0.03662,0.01061,0.519,0.3684,1
0.03678,0.05237,0.519,0.4211,1
0.04423,0.09397,0.519,0.4737,1
0.05097,0.136,0.519,0.5263,1
0.05179,0.1785,0.519,0.5789,1
0.05261,0.2211,0.519,0.6316,1
0.05344,0.2636,0.519,0.6842,1
0.06275,0.307,0.519,0.7368,1
0.06562,0.3676,0.519,0.7895,1
0.06579,0.4339,0.519,0.8421,1
0.06595,0.5002,0.519,0.8947,1
0.06709,0.5666,0.519,0.9474,1
0.0791,0.6344,0.519,1,1
0.01473,-0.2692,0.5316,0,1
0.01492,-0.23,0.5316,0.05263,1
0.01511,-0.1909,0.5316,0.1053,1
0.01632,-0.1518,0.5316,0.1579,1
0.03556,-0.1127,0.5316,0.2105,1
0.05004,-0.07289,0.5316,0.2632,1
0.0502,-0.03114,0.5316,0.3158,1
0.05037,0.01061,0.5316,0.3684,1
0.05433,0.05229,0.5316,0.4211,1
0.06699,0.09378,0.5316,0.4737,1
0.07374,0.1358,0.5316,0.5263,1
0.07456,0.1783,0.5316,0.5789,1
0.07538,0.2209,0.5316,0.6316,1
0.08185,0.264,0.5316,0.6842,1
0.09287,0.3076,0.5316,0.7368,1
0.09575,0.3682,0.5316,0.7895,1
0.09591,0.4345,0.5316,0.8421,1
0.09608,0.5008,0.5316,0.8947,1
0.1058,0.5683,0.5316,0.9474,1
0.1178,0.6361,0.5316,1,1
0.01473,-0.2692,0.5443,0,1
0.01492,-0.23,0.5443,0.05263,1
0.01511,-0.1909,0.5443,0.1053,1
0.03007,-0.1518,0.5443,0.1579,1
0.04931,-0.1127,0.5443,0.2105,1
0.06379,-0.07289,0.5443,0.2632,1
0.06395,-0.03114,0.5443,0.3158,1
0.06443,0.01061,0.5443,0.3684,1
0.0771,0.0521,0.5443,0.4211,1
0.08976,0.09359,0.5443,0.4737,1
0.0965,0.1356,0.5443,0.5263,1
0.09733,0.1782,0.5443,0.5789,1
0.101,0.221,0.5443,0.6316,1
0.112,0.2646,0.5443,0.6842,1
0.123,0.3082,0.5443,0.7368,1
0.1259,0.3688,0.5443,0.7895,1
0.126,0.4351,0.5443,0.8421,1
0.1324,0.5022,0.5443,0.8947,1
0.1444,0.57,0.5443,0.9474,1
0.1564,0.6378,0.5443,1,1
0.01473,-0.2692,0.557,0,1
0.01492,-0.23,0.557,0.05263,1
0.02458,-0.1909,0.557,0.1053,1
0.04382,-0.1518,0.557,0.1579,1
0.06306,-0.1127,0.557,0.2105,1
0.07754,-0.07289,0.557,0.2632,1
0.0777,-0.03114,0.557,0.3158,1
0.0872,0.01042,0.557,0.3684,1
0.09986,0.05191,0.557,0.4211,1
0.1125,0.0934,0.557,0.4737,1
0.1193,0.1354,0.557,0.5263,1
0.1201,0.178,0.557,0.5789,1
0.1311,0.2216,0.557,0.6316,1
0.1421,0.2652,0.557,0.6842,1
0.1531,0.3087,0.557,0.7368,1
0.156,0.3694,0.557,0.7895,1
0.1591,0.436,0.557,0.8421,1
0.1711,0.5038,0.557,0.8947,1
0.1831,0.5716,0.557,0.9474,1
0.1951,0.6394,0.557,1,1
0.01473,-0.2692,0.5696,0,1
0.01908,-0.23,0.5696,0.05263,1
0.03832,-0.1909,0.5696,0.1053,1
0.05757,-0.1518,0.5696,0.1579,1
0.07681,-0.1127,0.5696,0.2105,1
0.09128,-0.07289,0.5696,0.2632,1
0.0973,-0.03126,0.5696,0.3158,1
0.11,0.01023,0.5696,0.3684,1
0.1226,0.05172,0.5696,0.4211,1
0.1353,0.09321,0.5696,0.4737,1
0.142,0.1352,0.5696,0.5263,1
0.1502,0.1785,0.5696,0.5789,1
0.1612,0.2221,0.5696,0.6316,1
0.1722,0.2657,0.5696,0.6842,1
0.1832,0.3093,0.5696,0.7368,1
0.1861,0.3699,0.5696,0.7895,1
0.1978,0.4377,0.5696,0.8421,1
0.2098,0.5055,0.5696,0.8947,1
0.2218,0.5733,0.5696,0.9474,1
0.2338,0.6411,0.5696,1,1
0.01473,-0.2692,0.5823,0,1
0.03283,-0.23,0.5823,0.05263,1
0.05207,-0.1909,0.5823,0.1053,1
0.07132,-0.1518,0.5823,0.1579,1
0.09056,-0.1127,0.5823,0.2105,1
0.1074,-0.07294,0.5823,0.2632,1
0.1201,-0.03145,0.5823,0.3158,1
0.1327,0.01004,0.5823,0.3684,1
0.1454,0.05153,0.5823,0.4211,1
0.1581,0.09302,0.5823,0.4737,1
0.1693,0.1355,0.5823,0.5263,1
0.1803,0.1791,0.5823,0.5789,1
0.1913,0.2227,0.5823,0.6316,1
0.2024,0.2663,0.5823,0.6842,1
0.2134,0.3099,0.5823,0.7368,1
0.2244,0.3715,0.5823,0.7895,1
0.2364,0.4394,0.5823,0.8421,1
0.2484,0.5072,0.5823,0.8947,1
0.2604,0.575,0.5823,0.9474,1
0.2724,0.6428,0.5823,1,1
0.01473,-0.2692,0.5949,0,1
0.03398,-0.23,0.5949,0.05263,1
0.05322,-0.1909,0.5949,0.1053,1
0.07246,-0.1518,0.5949,0.1579,1
0.09171,-0.1127,0.5949,0.2105,1
0.1196,-0.07557,0.5949,0.2632,1
0.1323,-0.03408,0.5949,0.3158,1
0.145,0.007411,0.5949,0.3684,1
0.1576,0.0489,0.5949,0.4211,1
0.1722,0.09048,0.5949,0.4737,1
0.1902,0.1333,0.5949,0.5263,1
0.2012,0.1769,0.5949,0.5789,1
0.2122,0.2205,0.5949,0.6316,1
0.2232,0.2641,0.5949,0.6842,1
0.2382,0.3083,0.5949,0.7368,1
0.2524,0.3705,0.5949,0.7895,1
0.2644,0.4383,0.5949,0.8421,1
0.2764,0.5061,0.5949,0.8947,1
0.2884,0.5739,0.5949,0.9474,1
0.3079,0.644,0.5949,1,1
0.01473,-0.2692,0.6076,0,1
0.03398,-0.23,0.6076,0.05263,1
0.05322,-0.1909,0.6076,0.1053,1
0.07246,-0.1518,0.6076,0.1579,1
0.1016,-0.1152,0.6076,0.2105,1
0.1309,-0.07842,0.6076,0.2632,1
0.1435,-0.03693,0.6076,0.3158,1
0.1562,0.004563,0.6076,0.3684,1
0.1689,0.04605,0.6076,0.4211,1
0.1923,0.08801,0.6076,0.4737,1
0.2102,0.1308,0.6076,0.5263,1
0.2212,0.1744,0.6076,0.5789,1
0.2323,0.218,0.6076,0.6316,1
0.2446,0.2618,0.6076,0.6842,1
0.2653,0.307,0.6076,0.7368,1
0.2795,0.3691,0.6076,0.7895,1
0.2915,0.4369,0.6076,0.8421,1
0.3035,0.5048,0.6076,0.8947,1
0.3198,0.5739,0.6076,0.9474,1
0.343,0.6451,0.6076,1,1
0.01473,-0.2692,0.6203,0,1
0.03398,-0.23,0.6203,0.05263,1
0.05322,-0.1909,0.6203,0.1053,1
0.07799,-0.1532,0.6203,0.1579,1
0.1128,-0.118,0.6203,0.2105,1
0.1421,-0.08127,0.6203,0.2632,1
0.1548,-0.03978,0.6203,0.3158,1
0.1675,0.001715,0.6203,0.3684,1
0.1875,0.04352,0.6203,0.4211,1
0.2123,0.08554,0.6203,0.4737,1
0.2302,0.1283,0.6203,0.5263,1
0.2413,0.1719,0.6203,0.5789,1
0.2523,0.2155,0.6203,0.6316,1
0.2716,0.2605,0.6203,0.6842,1
0.2923,0.3057,0.6203,0.7368,1
0.3065,0.3678,0.6203,0.7895,1
0.3185,0.4356,0.6203,0.8421,1
0.3317,0.5038,0.6203,0.8947,1
0.3549,0.575,0.6203,0.9474,1
0.3781,0.6462,0.6203,1,1
0.01473,-0.2692,0.6329,0,1
0.03398,-0.23,0.6329,0.05263,1
0.0544,-0.1912,0.6329,0.1053,1
0.08925,-0.156,0.6329,0.1579,1
0.1241,-0.1209,0.6329,0.2105,1
0.1534,-0.08412,0.6329,0.2632,1
0.1661,-0.04262,0.6329,0.3158,1
0.1827,-0.0009616,0.6329,0.3684,1
0.2075,0.04106,0.6329,0.4211,1
0.2324,0.08307,0.6329,0.4737,1
0.2503,0.1259,0.6329,0.5263,1
0.2613,0.1695,0.6329,0.5789,1
0.2779,0.214,0.6329,0.6316,1
0.2986,0.2592,0.6329,0.6842,1
0.3194,0.3043,0.6329,0.7368,1
0.3336,0.3665,0.6329,0.7895,1
0.3456,0.4343,0.6329,0.8421,1
0.3668,0.5049,0.6329,0.8947,1
0.39,0.5762,0.6329,0.9474,1
0.4132,0.6474,0.6329,1,1
0.01473,-0.2692,0.6456,0,1
0.03398,-0.23,0.6456,0.05263,1
0.06566,-0.1941,0.6456,0.1053,1
0.1005,-0.1589,0.6456,0.1579,1
0.1354,-0.1237,0.6456,0.2105,1
0.1647,-0.08696,0.6456,0.2632,1
0.1779,-0.04545,0.6456,0.3158,1
0.2027,-0.00343,0.6456,0.3684,1
0.2276,0.03859,0.6456,0.4211,1
0.2524,0.08061,0.6456,0.4737,1
0.2703,0.1234,0.6456,0.5263,1
0.2842,0.1675,0.6456,0.5789,1
0.305,0.2127,0.6456,0.6316,1
0.3257,0.2578,0.6456,0.6842,1
0.3464,0.303,0.6456,0.7368,1
0.3606,0.3652,0.6456,0.7895,1
0.3787,0.4348,0.6456,0.8421,1
0.4019,0.5061,0.6456,0.8947,1
0.4251,0.5773,0.6456,0.9474,1
0.4483,0.6485,0.6456,1,1
0.01473,-0.2692,0.6582,0,1
0.04207,-0.2321,0.6582,0.05263,1
0.07692,-0.1969,0.6582,0.1053,1
0.1118,-0.1617,0.6582,0.1579,1
0.1466,-0.1266,0.6582,0.2105,1
0.1759,-0.08981,0.6582,0.2632,1
0.1979,-0.04792,0.6582,0.3158,1
0.2228,-0.005898,0.6582,0.3684,1
0.2476,0.03612,0.6582,0.4211,1
0.2724,0.07814,0.6582,0.4737,1
0.2905,0.121,0.6582,0.5263,1
0.3113,0.1661,0.6582,0.5789,1
0.332,0.2113,0.6582,0.6316,1
0.3527,0.2565,0.6582,0.6842,1
0.3734,0.3017,0.6582,0.7368,1
0.3906,0.3647,0.6582,0.7895,1
0.4138,0.436,0.6582,0.8421,1
0.437,0.5072,0.6582,0.8947,1
0.4602,0.5784,0.6582,0.9474,1
0.4834,0.6497,0.6582,1,1
0.01473,-0.2692,0.6709,0,1
0.04958,-0.234,0.6709,0.05263,1
0.08442,-0.1988,0.6709,0.1053,1
0.1193,-0.1636,0.6709,0.1579,1
0.1541,-0.1285,0.6709,0.2105,1
0.1895,-0.09303,0.6709,0.2632,1
0.2144,-0.05102,0.6709,0.3158,1
0.2392,-0.009,0.6709,0.3684,1
0.264,0.03302,0.6709,0.4211,1
0.2889,0.07504,0.6709,0.4737,1
0.3143,0.1184,0.6709,0.5263,1
0.335,0.1636,0.6709,0.5789,1
0.3557,0.2088,0.6709,0.6316,1
0.3764,0.254,0.6709,0.6842,1
0.3972,0.2991,0.6709,0.7368,1
0.4215,0.3644,0.6709,0.7895,1
0.4447,0.4357,0.6709,0.8421,1
0.4679,0.5069,0.6709,0.8947,1
0.4911,0.5781,0.6709,0.9474,1
0.5157,0.6492,0.6709,1,1
0.01473,-0.2692,0.6835,0,1
0.04958,-0.234,0.6835,0.05263,1
0.08442,-0.1988,0.6835,0.1053,1
0.1193,-0.1636,0.6835,0.1579,1
0.1568,-0.1297,0.6835,0.2105,1
0.1988,-0.0974,0.6835,0.2632,1
0.2236,-0.05538,0.6835,0.3158,1
0.2484,-0.01337,0.6835,0.3684,1
0.2733,0.02865,0.6835,0.4211,1
0.3031,0.0703,0.6835,0.4737,1
0.3313,0.1135,0.6835,0.5263,1
0.3521,0.1587,0.6835,0.5789,1
0.3728,0.2039,0.6835,0.6316,1
0.3935,0.249,0.6835,0.6842,1
0.4195,0.2959,0.6835,0.7368,1
0.4439,0.3612,0.6835,0.7895,1
0.4671,0.4324,0.6835,0.8421,1
0.4903,0.5037,0.6835,0.8947,1
0.5135,0.5749,0.6835,0.9474,1
0.5425,0.6456,0.6835,1,1
0.01473,-0.2692,0.6962,0,1
0.04958,-0.234,0.6962,0.05263,1
0.08442,-0.1988,0.6962,0.1053,1
0.1193,-0.1636,0.6962,0.1579,1
0.1661,-0.1341,0.6962,0.2105,1
0.208,-0.1018,0.6962,0.2632,1
0.2328,-0.05975,0.6962,0.3158,1
0.2577,-0.01773,0.6962,0.3684,1
0.2845,0.02414,0.6962,0.4211,1
0.3202,0.06537,0.6962,0.4737,1
0.3484,0.1086,0.6962,0.5263,1
0.3691,0.1537,0.6962,0.5789,1
0.3899,0.1989,0.6962,0.6316,1
0.4138,0.2451,0.6962,0.6842,1
0.4419,0.2927,0.6962,0.7368,1
0.4663,0.358,0.6962,0.7895,1
0.4895,0.4292,0.6962,0.8421,1
0.5127,0.5004,0.6962,0.8947,1
0.5401,0.5713,0.6962,0.9474,1
0.5693,0.642,0.6962,1,1
0.01473,-0.2692,0.7089,0,1
0.04958,-0.234,0.7089,0.05263,1
0.08442,-0.1988,0.7089,0.1053,1
0.1277,-0.1676,0.7089,0.1579,1
0.1753,-0.1385,0.7089,0.2105,1
0.2173,-0.1061,0.7089,0.2632,1
0.2421,-0.06412,0.7089,0.3158,1
0.2669,-0.0221,0.7089,0.3684,1
0.3016,0.0192,0.7089,0.4211,1
0.3373,0.06043,0.7089,0.4737,1
0.3655,0.1036,0.7089,0.5263,1
0.3862,0.1488,0.7089,0.5789,1
0.4081,0.1944,0.7089,0.6316,1
0.4362,0.2419,0.7089,0.6842,1
0.4643,0.2894,0.7089,0.7368,1
0.4888,0.3547,0.7089,0.7895,1
0.5119,0.426,0.7089,0.8421,1
0.5376,0.497,0.7089,0.8947,1
0.5669,0.5677,0.7089,0.9474,1
0.5962,0.6384,0.7089,1,1
0.01473,-0.2692,0.7215,0,1
0.04958,-0.234,0.7215,0.05263,1
0.08924,-0.2011,0.7215,0.1053,1
0.1369,-0.172,0.7215,0.1579,1
0.1845,-0.1428,0.7215,0.2105,1
0.2265,-0.1105,0.7215,0.2632,1
0.2513,-0.06849,0.7215,0.3158,1
0.283,-0.02696,0.7215,0.3684,1
0.3187,0.01427,0.7215,0.4211,1
0.3543,0.05549,0.7215,0.4737,1
0.3826,0.0987,0.7215,0.5263,1
0.4033,0.1439,0.7215,0.5789,1
0.4305,0.1911,0.7215,0.6316,1
0.4586,0.2387,0.7215,0.6842,1
0.4867,0.2862,0.7215,0.7368,1
0.5112,0.3515,0.7215,0.7895,1
0.5351,0.4227,0.7215,0.8421,1
0.5644,0.4934,0.7215,0.8947,1
0.5937,0.5641,0.7215,0.9474,1
0.623,0.6348,0.7215,1,1
0.01473,-0.2692,0.7342,0,1
0.05083,-0.2346,0.7342,0.05263,1
0.09848,-0.2055,0.7342,0.1053,1
0.1461,-0.1763,0.7342,0.1579,1
0.1938,-0.1472,0.7342,0.2105,1
0.2357,-0.1149,0.7342,0.2632,1
0.2643,-0.07313,0.7342,0.3158,1
0.3,-0.0319,0.7342,0.3684,1
0.3357,0.009329,0.7342,0.4211,1
0.3714,0.05056,0.7342,0.4737,1
0.3996,0.09376,0.7342,0.5263,1
0.4248,0.1404,0.7342,0.5789,1
0.4529,0.1879,0.7342,0.6316,1
0.481,0.2354,0.7342,0.6842,1
0.5092,0.283,0.7342,0.7368,1
0.5336,0.3483,0.7342,0.7895,1
0.5619,0.4191,0.7342,0.8421,1
0.5912,0.4898,0.7342,0.8947,1
0.6205,0.5605,0.7342,0.9474,1
0.6498,0.6312,0.7342,1,1
0.01473,-0.2692,0.7468,0,1
0.06007,-0.239,0.7468,0.05263,1
0.1077,-0.2098,0.7468,0.1053,1
0.1554,-0.1807,0.7468,0.1579,1
0.203,-0.1516,0.7468,0.2105,1
0.2457,-0.1193,0.7468,0.2632,1
0.2814,-0.07806,0.7468,0.3158,1
0.3171,-0.03684,0.7468,0.3684,1
0.3528,0.004392,0.7468,0.4211,1
0.3885,0.04562,0.7468,0.4737,1
0.4191,0.08958,0.7468,0.5263,1
0.4472,0.1371,0.7468,0.5789,1
0.4753,0.1847,0.7468,0.6316,1
0.5034,0.2322,0.7468,0.6842,1
0.5316,0.2798,0.7468,0.7368,1
0.5595,0.3448,0.7468,0.7895,1
0.5887,0.4155,0.7468,0.8421,1
0.618,0.4862,0.7468,0.8947,1
0.6473,0.5569,0.7468,0.9474,1
0.6766,0.6276,0.7468,1,1
0.01473,-0.2692,0.7595,0,1
0.06238,-0.24,0.7595,0.05263,1
0.11,-0.2109,0.7595,0.1053,1
0.1577,-0.1818,0.7595,0.1579,1
0.2053,-0.1527,0.7595,0.2105,1
0.254,-0.1248,0.7595,0.2632,1
0.2897,-0.08357,0.7595,0.3158,1
0.3254,-0.04234,0.7595,0.3684,1
0.3611,-0.001114,0.7595,0.4211,1
0.3971,0.0399,0.7595,0.4737,1
0.4335,0.08165,0.7595,0.5263,1
0.4616,0.1292,0.7595,0.5789,1
0.4897,0.1767,0.7595,0.6316,1
0.5178,0.2243,0.7595,0.6842,1
0.5483,0.2727,0.7595,0.7368,1
0.5792,0.3383,0.7595,0.7895,1
0.6085,0.409,0.7595,0.8421,1
0.6378,0.4797,0.7595,0.8947,1
0.6671,0.5504,0.7595,0.9474,1
0.6981,0.6234,0.7595,1,1
0.01473,-0.2692,0.7722,0,1
0.06238,-0.24,0.7722,0.05263,1
0.11,-0.2109,0.7722,0.1053,1
0.1577,-0.1818,0.7722,0.1579,1
0.2091,-0.1567,0.7722,0.2105,1
0.2593,-0.1305,0.7722,0.2632,1
0.295,-0.08927,0.7722,0.3158,1
0.3307,-0.04804,0.7722,0.3684,1
0.3664,-0.00681,0.7722,0.4211,1
0.4088,0.0304,0.7722,0.4737,1
0.4452,0.07216,0.7722,0.5263,1
0.4733,0.1197,0.7722,0.5789,1
0.5014,0.1672,0.7722,0.6316,1
0.5297,0.2148,0.7722,0.6842,1
0.5657,0.2653,0.7722,0.7368,1
0.5967,0.3309,0.7722,0.7895,1
0.6259,0.4016,0.7722,0.8421,1
0.6552,0.4723,0.7722,0.8947,1
0.6853,0.5441,0.7722,0.9474,1
0.7179,0.619,0.7722,1,1
0.01473,-0.2692,0.7848,0,1
0.06238,-0.24,0.7848,0.05263,1
0.11,-0.2109,0.7848,0.1053,1
0.1594,-0.1836,0.7848,0.1579,1
0.2144,-0.1624,0.7848,0.2105,1
0.2646,-0.1362,0.7848,0.2632,1
0.3003,-0.09496,0.7848,0.3158,1
0.336,-0.05373,0.7848,0.3684,1
0.376,-0.01505,0.7848,0.4211,1
0.4206,0.02091,0.7848,0.4737,1
0.4569,0.06266,0.7848,0.5263,1
0.4851,0.1102,0.7848,0.5789,1
0.5132,0.1578,0.7848,0.6316,1
0.5471,0.2074,0.7848,0.6842,1
0.5831,0.2579,0.7848,0.7368,1
0.6141,0.3235,0.7848,0.7895,1
0.6434,0.3942,0.7848,0.8421,1
0.6726,0.4649,0.7848,0.8947,1
0.7051,0.5397,0.7848,0.9474,1
0.7377,0.6147,0.7848,1,1
0.01473,-0.2692,0.7975,0,1
0.06238,-0.24,0.7975,0.05263,1
0.11,-0.2109,0.7975,0.1053,1
0.1647,-0.1893,0.7975,0.1579,1
0.2198,-0.1681,0.7975,0.2105,1
0.27,-0.1419,0.7975,0.2632,1
0.3056,-0.1007,0.7975,0.3158,1
0.3432,-0.06051,0.7975,0.3684,1
0.3877,-0.02455,0.7975,0.4211,1
0.4323,0.01142,0.7975,0.4737,1
0.4687,0.05317,0.7975,0.5263,1
0.4968,0.1007,0.7975,0.5789,1
0.5285,0.1496,0.7975,0.6316,1
0.5645,0.2,0.7975,0.6842,1
0.6005,0.2505,0.7975,0.7368,1
0.6315,0.3161,0.7975,0.7895,1
0.6608,0.3868,0.7975,0.8421,1
0.6924,0.4605,0.7975,0.8947,1
0.7249,0.5354,0.7975,0.9474,1
0.7575,0.6103,0.7975,1,1
0.01473,-0.2692,0.8101,0,1
0.06238,-0.24,0.8101,0.05263,1
0.115,-0.2163,0.8101,0.1053,1
0.1701,-0.195,0.8101,0.1579,1
0.2251,-0.1738,0.8101,0.2105,1
0.2753,-0.1476,0.8101,0.2632,1
0.311,-0.1064,0.8101,0.3158,1
0.3549,-0.07001,0.8101,0.3684,1
0.3995,-0.03404,0.8101,0.4211,1
0.444,0.001923,0.8101,0.4737,1
0.4804,0.04368,0.8101,0.5263,1
0.5099,0.09173,0.8101,0.5789,1
0.5459,0.1422,0.8101,0.6316,1
0.582,0.1926,0.8101,0.6842,1
0.618,0.243,0.8101,0.7368,1
0.6489,0.3087,0.8101,0.7895,1
0.6796,0.3812,0.8101,0.8421,1
0.7122,0.4561,0.8101,0.8947,1
0.7447,0.531,0.8101,0.9474,1
0.7773,0.6059,0.8101,1,1
0.01473,-0.2692,0.8228,0,1
0.06532,-0.2432,0.8228,0.05263,1
0.1204,-0.222,0.8228,0.1053,1
0.1754,-0.2007,0.8228,0.1579,1
0.2304,-0.1795,0.8228,0.2105,1
0.2806,-0.1533,0.8228,0.2632,1
0.3221,-0.1155,0.8228,0.3158,1
0.3666,-0.0795,0.8228,0.3684,1
0.4112,-0.04354,0.8228,0.4211,1
0.4558,-0.007571,0.8228,0.4737,1
0.4921,0.03418,0.8228,0.5263,1
0.5273,0.08433,0.8228,0.5789,1
0.5634,0.1348,0.8228,0.6316,1
0.5994,0.1852,0.8228,0.6842,1
0.6354,0.2356,0.8228,0.7368,1
0.6669,0.3019,0.8228,0.7895,1
0.6994,0.3768,0.8228,0.8421,1
0.732,0.4517,0.8228,0.8947,1
0.7645,0.5266,0.8228,0.9474,1
0.7971,0.6016,0.8228,1,1
0.01473,-0.2692,0.8354,0,1
0.06976,-0.2479,0.8354,0.05263,1
0.1248,-0.2267,0.8354,0.1053,1
0.1798,-0.2055,0.8354,0.1579,1
0.2348,-0.1843,0.8354,0.2105,1
0.2877,-0.1606,0.8354,0.2632,1
0.3323,-0.1246,0.8354,0.3158,1
0.3768,-0.08865,0.8354,0.3684,1
0.4214,-0.05268,0.8354,0.4211,1
0.466,-0.01672,0.8354,0.4737,1
0.5068,0.02576,0.8354,0.5263,1
0.5429,0.0762,0.8354,0.5789,1
0.5789,0.1266,0.8354,0.6316,1
0.6149,0.1771,0.8354,0.6842,1
0.6509,0.2275,0.8354,0.7368,1
0.6849,0.296,0.8354,0.7895,1
0.7175,0.3709,0.8354,0.8421,1
0.75,0.4458,0.8354,0.8947,1
0.7826,0.5207,0.8354,0.9474,1
0.8157,0.5963,0.8354,1,1
0.01473,-0.2692,0.8481,0,1
0.06976,-0.2479,0.8481,0.05263,1
0.1248,-0.2267,0.8481,0.1053,1
0.1798,-0.2055,0.8481,0.1579,1
0.2352,-0.1852,0.8481,0.2105,1
0.2903,-0.168,0.8481,0.2632,1
0.3349,-0.132,0.8481,0.3158,1
0.3794,-0.09605,0.8481,0.3684,1
0.424,-0.06009,0.8481,0.4211,1
0.4701,-0.02619,0.8481,0.4737,1
0.5127,0.01399,0.8481,0.5263,1
0.5488,0.06442,0.8481,0.5789,1
0.5848,0.1149,0.8481,0.6316,1
0.6208,0.1653,0.8481,0.6842,1
0.6596,0.214,0.8481,0.7368,1
0.6943,0.2821,0.8481,0.7895,1
0.7268,0.357,0.8481,0.8421,1
0.7594,0.4319,0.8481,0.8947,1
0.792,0.5068,0.8481,0.9474,1
0.8283,0.5866,0.8481,1,1
0.01473,-0.2692,0.8608,0,1
0.06976,-0.2479,0.8608,0.05263,1
0.1248,-0.2267,0.8608,0.1053,1
0.1798,-0.2055,0.8608,0.1579,1
0.2378,-0.1926,0.8608,0.2105,1
0.2929,-0.1754,0.8608,0.2632,1
0.3375,-0.1394,0.8608,0.3158,1
0.382,-0.1035,0.8608,0.3684,1
0.4269,-0.06787,0.8608,0.4211,1
0.4761,-0.03796,0.8608,0.4737,1
0.5187,0.002213,0.8608,0.5263,1
0.5547,0.05265,0.8608,0.5789,1
0.5907,0.1031,0.8608,0.6316,1
0.6282,0.1526,0.8608,0.6842,1
0.669,0.2002,0.8608,0.7368,1
0.7036,0.2682,0.8608,0.7895,1
0.7362,0.3431,0.8608,0.8421,1
0.7688,0.4181,0.8608,0.8947,1
0.8038,0.4962,0.8608,0.9474,1
0.8409,0.5769,0.8608,1,1
0.01473,-0.2692,0.8734,0,1
0.06976,-0.2479,0.8734,0.05263,1
0.1248,-0.2267,0.8734,0.1053,1
0.1817,-0.211,0.8734,0.1579,1
0.2404,-0.2,0.8734,0.2105,1
0.2955,-0.1828,0.8734,0.2632,1
0.34,-0.1468,0.8734,0.3158,1
0.3846,-0.1109,0.8734,0.3684,1
0.4328,-0.07965,0.8734,0.4211,1
0.482,-0.04973,0.8734,0.4737,1
0.5246,-0.009559,0.8734,0.5263,1
0.5606,0.04088,0.8734,0.5789,1
0.5968,0.09122,0.8734,0.6316,1
0.6376,0.1388,0.8734,0.6842,1
0.6784,0.1863,0.8734,0.7368,1
0.713,0.2544,0.8734,0.7895,1
0.7456,0.3293,0.8734,0.8421,1
0.7794,0.4058,0.8734,0.8947,1
0.8164,0.4866,0.8734,0.9474,1
0.8535,0.5673,0.8734,1,1
0.01473,-0.2692,0.8861,0,1
0.06976,-0.2479,0.8861,0.05263,1
0.1257,-0.2293,0.8861,0.1053,1
0.1843,-0.2184,0.8861,0.1579,1
0.243,-0.2074,0.8861,0.2105,1
0.2981,-0.1902,0.8861,0.2632,1
0.3426,-0.1542,0.8861,0.3158,1
0.3895,-0.1213,0.8861,0.3684,1
0.4387,-0.09142,0.8861,0.4211,1
0.4879,-0.06151,0.8861,0.4737,1
0.5305,-0.02133,0.8861,0.5263,1
0.5665,0.02911,0.8861,0.5789,1
0.6061,0.07736,0.8861,0.6316,1
0.6469,0.1249,0.8861,0.6842,1
0.6877,0.1724,0.8861,0.7368,1
0.7223,0.2405,0.8861,0.7895,1
0.7549,0.3155,0.8861,0.8421,1
0.792,0.3962,0.8861,0.8947,1
0.829,0.4769,0.8861,0.9474,1
0.8661,0.5576,0.8861,1,1
0.01473,-0.2692,0.8987,0,1
0.06976,-0.2479,0.8987,0.05263,1
0.1283,-0.2367,0.8987,0.1053,1
0.1869,-0.2258,0.8987,0.1579,1
0.2456,-0.2148,0.8987,0.2105,1
0.3007,-0.1976,0.8987,0.2632,1
0.3463,-0.163,0.8987,0.3158,1
0.3955,-0.1331,0.8987,0.3684,1
0.4446,-0.1032,0.8987,0.4211,1
0.4938,-0.07328,0.8987,0.4737,1
0.5364,-0.0331,0.8987,0.5263,1
0.5747,0.01595,0.8987,0.5789,1
0.6155,0.0635,0.8987,0.6316,1
0.6563,0.111,0.8987,0.6842,1
0.6971,0.1586,0.8987,0.7368,1
0.7317,0.2267,0.8987,0.7895,1
0.7675,0.3058,0.8987,0.8421,1
0.8046,0.3865,0.8987,0.8947,1
0.8416,0.4672,0.8987,0.9474,1
0.8786,0.5479,0.8987,1,1
0.01473,-0.2692,0.9114,0,1
0.07227,-0.2551,0.9114,0.05263,1
0.1309,-0.2442,0.9114,0.1053,1
0.1895,-0.2332,0.9114,0.1579,1
0.2481,-0.2222,0.9114,0.2105,1
0.3033,-0.205,0.9114,0.2632,1
0.3522,-0.1748,0.9114,0.3158,1
0.4014,-0.1449,0.9114,0.3684,1
0.4506,-0.115,0.9114,0.4211,1
0.4997,-0.08505,0.9114,0.4737,1
0.5433,-0.04545,0.9114,0.5263,1
0.5841,0.002091,0.9114,0.5789,1
0.6249,0.04963,0.9114,0.6316,1
0.6656,0.09718,0.9114,0.6842,1
0.7064,0.1447,0.9114,0.7368,1
0.7431,0.2154,0.9114,0.7895,1
0.7801,0.2961,0.9114,0.8421,1
0.8172,0.3768,0.9114,0.8947,1
0.8542,0.4575,0.9114,0.9474,1
0.8912,0.5382,0.9114,1,1
0.01473,-0.2692,0.9241,0,1
0.07336,-0.2582,0.9241,0.05263,1
0.132,-0.2472,0.9241,0.1053,1
0.1906,-0.2363,0.9241,0.1579,1
0.2492,-0.2253,0.9241,0.2105,1
0.3036,-0.2155,0.9241,0.2632,1
0.3528,-0.1856,0.9241,0.3158,1
0.402,-0.1557,0.9241,0.3684,1
0.4511,-0.1257,0.9241,0.4211,1
0.5003,-0.09583,0.9241,0.4737,1
0.546,-0.0612,0.9241,0.5263,1
0.5868,-0.01365,0.9241,0.5789,1
0.6276,0.03389,0.9241,0.6316,1
0.6684,0.08144,0.9241,0.6842,1
0.7099,0.1283,0.9241,0.7368,1
0.7491,0.1996,0.9241,0.7895,1
0.7861,0.2803,0.9241,0.8421,1
0.8231,0.361,0.9241,0.8947,1
0.8602,0.4417,0.9241,0.9474,1
0.8999,0.526,0.9241,1,1
0.01473,-0.2692,0.9367,0,1
0.07336,-0.2582,0.9367,0.05263,1
0.132,-0.2472,0.9367,0.1053,1
0.1906,-0.2363,0.9367,0.1579,1
0.2475,-0.2308,0.9367,0.2105,1
0.3004,-0.2255,0.9367,0.2632,1
0.3496,-0.1956,0.9367,0.3158,1
0.3987,-0.1657,0.9367,0.3684,1
0.4479,-0.1358,0.9367,0.4211,1
0.4982,-0.1121,0.9367,0.4737,1
0.544,-0.07829,0.9367,0.5263,1
0.5847,-0.03074,0.9367,0.5789,1
0.6255,0.0168,0.9367,0.6316,1
0.6663,0.06435,0.9367,0.6842,1
0.7112,0.1081,0.9367,0.7368,1
0.7504,0.1795,0.9367,0.7895,1
0.7874,0.2602,0.9367,0.8421,1
0.8244,0.3409,0.9367,0.8947,1
0.8624,0.4228,0.9367,0.9474,1
0.9058,0.5119,0.9367,1,1
0.01473,-0.2692,0.9494,0,1
0.07336,-0.2582,0.9494,0.05263,1
0.132,-0.2472,0.9494,0.1053,1
0.1901,-0.2379,0.9494,0.1579,1
0.2443,-0.2408,0.9494,0.2105,1
0.2972,-0.2356,0.9494,0.2632,1
0.3463,-0.2057,0.9494,0.3158,1
0.3955,-0.1758,0.9494,0.3684,1
0.4453,-0.1494,0.9494,0.4211,1
0.4961,-0.1292,0.9494,0.4737,1
0.5419,-0.09537,0.9494,0.5263,1
0.5827,-0.04783,0.9494,0.5789,1
0.6235,-0.0002859,0.9494,0.6316,1
0.6671,0.04467,0.9494,0.6842,1
0.7125,0.08801,0.9494,0.7368,1
0.7516,0.1594,0.9494,0.7895,1
0.7887,0.2401,0.9494,0.8421,1
0.8257,0.3208,0.9494,0.8947,1
0.8683,0.4087,0.9494,0.9474,1
0.9117,0.4979,0.9494,1,1
0.01473,-0.2692,0.962,0,1
0.07336,-0.2582,0.962,0.05263,1
0.132,-0.2472,0.962,0.1053,1
0.1869,-0.2479,0.962,0.1579,1
0.241,-0.2509,0.962,0.2105,1
0.2939,-0.2457,0.962,0.2632,1
0.3431,-0.2158,0.962,0.3158,1
0.3924,-0.1867,0.962,0.3684,1
0.4433,-0.1665,0.962,0.4211,1
0.4941,-0.1463,0.962,0.4737,1
0.5399,-0.1125,0.962,0.5263,1
0.5807,-0.06492,0.962,0.5789,1
0.623,-0.01879,0.962,0.6316,1
0.6684,0.02455,0.962,0.6842,1
0.7138,0.06788,0.962,0.7368,1
0.7529,0.1392,0.962,0.7895,1
0.79,0.2199,0.962,0.8421,1
0.8307,0.3056,0.962,0.8947,1
0.8742,0.3947,0.962,0.9474,1
0.9176,0.4838,0.962,1,1
0.01473,-0.2692,0.9747,0,1
0.07336,-0.2582,0.9747,0.05263,1
0.1295,-0.255,0.9747,0.1053,1
0.1837,-0.258,0.9747,0.1579,1
0.2378,-0.261,0.9747,0.2105,1
0.2907,-0.2557,0.9747,0.2632,1
0.3399,-0.2258,0.9747,0.3158,1
0.3904,-0.2038,0.9747,0.3684,1
0.4412,-0.1836,0.9747,0.4211,1
0.4921,-0.1634,0.9747,0.4737,1
0.5379,-0.1296,0.9747,0.5263,1
0.5789,-0.08225,0.9747,0.5789,1
0.6243,-0.03891,0.9747,0.6316,1
0.6697,0.00442,0.9747,0.6842,1
0.7151,0.04775,0.9747,0.7368,1
0.7542,0.1191,0.9747,0.7895,1
0.7932,0.2024,0.9747,0.8421,1
0.8366,0.2915,0.9747,0.8947,1
0.8801,0.3806,0.9747,0.9474,1
0.9235,0.4698,0.9747,1,1
0.01473,-0.2692,0.9873,0,1
0.07211,-0.2621,0.9873,0.05263,1
0.1263,-0.2651,0.9873,0.1053,1
0.1804,-0.2681,0.9873,0.1579,1
0.2346,-0.271,0.9873,0.2105,1
0.2875,-0.2658,0.9873,0.2632,1
0.3375,-0.241,0.9873,0.3158,1
0.3884,-0.2208,0.9873,0.3684,1
0.4392,-0.2007,0.9873,0.4211,1
0.49,-0.1805,0.9873,0.4737,1
0.5358,-0.1466,0.9873,0.5263,1
0.5802,-0.1024,0.9873,0.5789,1
0.6256,-0.05904,0.9873,0.6316,1
0.671,-0.01571,0.9873,0.6842,1
0.7164,0.02763,0.9873,0.7368,1
0.7557,0.09923,0.9873,0.7895,1
0.7991,0.1883,0.9873,0.8421,1
0.8425,0.2775,0.9873,0.8947,1
0.886,0.3666,0.9873,0.9474,1
0.9294,0.4557,0.9873,1,1
0.01473,-0.2692,1,0,1
0.06889,-0.2721,1,0.05263,1
0.123,-0.2751,1,0.1053,1
0.1772,-0.2781,1,0.1579,1
0.2314,-0.2811,1,0.2105,1
0.2847,-0.2783,1,0.2632,1
0.3355,-0.2581,1,0.3158,1
0.3863,-0.2379,1,0.3684,1
0.4372,-0.2178,1,0.4211,1
0.488,-0.1976,1,0.4737,1
0.5361,-0.1658,1,0.5263,1
0.5815,-0.1225,1,0.5789,1
0.6269,-0.07917,1,0.6316,1
0.6723,-0.03583,1,0.6842,1
0.7177,0.0075,1,0.7368,1
0.7616,0.08518,1,0.7895,1
0.805,0.1743,1,0.8421,1
0.8484,0.2634,1,0.8947,1
0.8918,0.3525,1,0.9474,1
0.9353,0.4417,1,1,1
